ID,NameProduct,Price,StrPrice,Type,Title,Description,Details1,Details2,Details3,Details4,Details5,Details6,Details7,Details8,Details9,Details10
1,Elder ring [Collector's Edition],18000,"18,000",Box Set,Game,"The Golden Order has been broken. Rise, Tarnished, and be guided by grace to brandish the power of the Elden Ring and become an Elden Lord in the Lands Between. ELDEN RING, developed by FromSoftware Inc. and produced by BANDAI NAMCO Entertainment Inc., is a fantasy action-RPG and FromSoftware’s largest game to date, set within a world full of mystery and peril. A NEW FANTASY WORLD - Journey through the Lands Between, a new fantasy world created by Hidetaka Miyazaki, creator of the influential DARK SOULS video game series, and George R. R. Martin, author of The New York Times best-selling fantasy series, A Song of Ice and Fire. Unravel the mysteries of the Elden Ring’s power. Encounter adversaries with profound backgrounds, characters with their own unique motivations for helping or hindering your progress, and fearsome creatures. WORLD EXPLORATION IN THE LANDS BETWEEN - ELDEN RING features vast fantastical landscapes and shadowy, complex dungeons that are connected seamlessly. Traverse the breathtaking world on foot or on horseback, alone or online with other players, and fully immerse yourself in the grassy plains, suffocating swamps, spiraling mountains, foreboding castles and other sites of grandeur on a scale never seen before in a FromSoftware title. GENRE-DEFINING GAMEPLAY - Create your character in FromSoftware’s refi ned action-RPG and defi ne your playstyle by experimenting with a wide variety of weapons, magical abilities, and skills found throughout the world. Charge into battle, pick off enemies one-by-one using stealth, or even call upon allies for aid. Many options are at your disposal as you decide how to approach exploration and combat. A free upgrade to the PlayStation 5 version will be available for players who purchase ELDEN RING on PlayStation 4, and SmartDelivery will be supported for Xbox One and Xbox Series X|S.",The ELDEN RING Collector’s Edition includes,Physical ELDEN RING game disc,9-inch statue of Malenia – Blade of Miquella,Exclusive SteelBook featuring the Elden Ring,40-page hardcover art book,Digital Soundtrack,,,,
2,Sekiro Shadows Die Twice Collector's Edition,15099,"15,099",Box Set,Game,"In Sekiro: Shadows Die Twice you are the “one-armed wolf”, a disgraced and disfigured warrior rescued from the brink of death. Bound to protect a young lord who is the descendant of an ancient bloodline, you become the target of many vicious enemies, including the dangerous Ashina clan. When the young lord is captured, nothing will stop you on a perilous quest to regain your honor, not even death itself.;Number of Players: 1 player; ESRB Content: Blood and gore|Violence; Genre: Action and Adventure",Sekiro: Shadows Die Twice Collector's Edition includes,Full Game,Steelbook,"7"" Shinobi Statue",Map,Replica Game Coins,Digital Soundtrack,Collectible Artbook,,
3,Monster Hunter: World [Collector's Edition],11690,"11,690",Box Set,Game,"Monster Hunter is an action RPG series that puts you in the boots of a hunter, facing off against gigantic monsters in magnificent, lush environments. As a hunter, you'll take on quests to hunt monsters in a variety of habitats. Takedown these monsters and receive materials that you can use to create stronger weapons and armor in order to hunt even more dangerous monsters. The series has achieved worldwide sales of over 40 million units, thanks to the ability to play by yourself or with other players co-operatively. In Monster Hunter: World, the latest installment in the series, you can enjoy the ultimate hunting experience, using everything at your disposal to hunt monsters in a new world teeming with surprises and excitement.",Monster Hunter: World Collector's Edition includes,PS4 Game: Monster Hunter World,Deluxe DLC,Nergigante Figure (Size: W140mm×D170mm×H125mm),Monster Hunter World Special Soundtrack,Monster Hunter World Artbook: Monster Designs,,,,
4,Monster Hunter World: Iceborne [Master Edition] (Collector's Edition),6799,"6,799",Box Set,Game,"Discover breathtaking environments and battle titanic creatures in this collection that includes Monster Hunter: World and its massive expansion, Iceborne. As a hunter, you'll take on quests to track & slay monsters in a variety of living, breathing habitats. Takedown these monsters and use their materials to forge even more powerful weapons and armor, then prepare for even tougher foes as the story unfolds. Each discovery adds new areas, creatures, and drama to the adventure! The Iceborne expansion adds new monsters, gear and abilities to Monster Hunter: World. Picking up right where the base game left off, the Research Commission and your hunter set off to a new polar region, kicking off a brand-new story set in Hoarfrost Reach. Conquer these missions alone, or play online with other hunters for epic multiplayer quests.",Monster Hunter World: Iceborne [Master Edition] (Collector's Edition) includes,PS4 Game: Monster Hunter World Iceborne [Master Edition],Velkhana Figure,MHW: Iceborne Steelbook,MHW: Iceborne Artbook,MHW: Iceborne Soundtrack,MHW: Iceborne Metal Plate,,,
5,Ender Lilies: Quietus of the Knights Collector's Edition,2499,"2,499",Box Set,Game,"ENDER LILIES is a dark fantasy 2D action RPG that sees the players try to unravel the mystery of the kingdom destroyed by the Rain of Death.Players will journey through the sprawling and hauntedly beautiful locations of Land’s End, including submerged forest, a sealed-off contaminated underground cavern, and a grand castle.",Ender Lilies: Quietus of the Knights Collector's Edition includes,Physical Copy of ENDER LILIES: Quietus of the Knights for PS4,ENDER LILIES: Quietus of the Knights Original Soundtrack,"18""x 24"" Reversible ENDER LILIES: Quietus of the Knights Poster",ENDER LILIES: Quietus of the Knights Enamel Pin,,,,,
6,Little Witch Nobeta [Limited Edition] (English),4999,"4,999",Box Set,Game,"Nobeta, the little wonder, came to the castle alone to solve the mystery of her own life. Constantly challenging powerful crafted souls, she learned all kinds of magical abilities and befriended a mysterious little black cat. What secrets hide in the depths of the castle? The Little Witch Nobeta is a 3D action shooting game. Players will explore ancient, unknown castles and use different magic elements to fight against the soul! The game uses a comfortable Japanese art style, but the battles are quite challenging despite its cute looks. Underestimating your foes will lead to troublesome encounters. You must discover enemies' weaknesses and learn the precise time to dodge attacks in order to gain an advantage in combat.",Little Witch Nobeta [Limited Edition] includes,PS4 Game: Little Witch Nobeta,Special Illustrated Box,Script with Autograph,B2 Tapestry,Art book,Soundtrack CD,,,
7,NieR: Replicant ver.1.22474487139... White Snow Edition,5999,"5,999",Box Set,Game,"In a distant, distant future, humanity is on the brink of extinction. A black scrawl disease and strange beasts threaten the world. A young kindhearted boy makes a promise to his little sister. A thousand-year lie that would live on for eternity...",NieR: Replicant ver.1.22474487139... White Snow Edition includes,"Grimoire Pin Set – Grimoire Weiss, Grimoire Noir, and Grimoire Rubrum pins which come presented in a specialized display case.","Script Set – A set of seven books encompassing the spoken script of the game. Packaged in a special hard case, featuring covers art by character designer, Akihiko Yoshida.","Special Soundtrack – A two-disc collection featuring newly-edited and arranged music for NieR Replicant ver.1.22474487139..., presented in a premium Grimoire Weiss-inspired package.",Steelbook® Case – A metal case featuring stunning artwork by illustrator Koda Kazuma.,Lunar Tear Collector’s Box.,,,,
8,Persona 5 Royal: Phantom Thieves,13409,"13,409",Box Set,Game,"In a distant, distant future, humanity is on the brink of extinction. A black scrawl disease and strange beasts threaten the world. A young kindhearted boy makes a promise to his little sister. A thousand-year lie that would live on for eternity...",Persona 5 Royal: Phantom Thieves includes,Collector's Box,PS4 Game: Persona 5 Royal,Joker Mask with Stand,Steelbook,Soundtrack,Artbook,Dynamic PS4 Theme (*While supplies last.),,
9,Death Stranding - PlayStation 4 Collector's Edition,9619,"9,619",Box Set,Game,"From legendary game creator Hideo Kojima comes an all-new, genre-defying experience for the PlayStation 4. Sam Bridges must brave a world utterly transformed by the Death Stranding. Carrying the disconnected remnants of our future in his hands, he embarks on a journey to reconnect the shattered world one step at a time. With spectral creatures plaguing the landscape, and humanity on the verge of a mass extinction, it’s up to Sam to journey across the ravaged continent and save mankind from impending annihilation. What is the mystery of the Death Stranding? What will Sam discover on the road ahead? An unprecedented gameplay experience holds these answers and more. Starring Norman Reedus, Mads Mikkelsen, Léa Seydoux, and Lindsay Wagner.",DEATH STRANDING Collector’s Edition includes,DEATH STRANDING Full Game,DEATH STRANDING Steelbook Case,Full-sized BB Pod Statue,Ludens Keychain,BRIDGES Cargo Case,,,,
10,DOOM Eternal: Collector's Edition,5999,"5,999",Box Set,Game,"Developed by id Software, DOOM Eternal is the direct sequel to the award-winning and best-selling DOOM (2016). As the DOOM Slayer, you return to find Earth has suffered a demonic invasion. Raze Hell and discover the Slayer's origins and his enduring mission to rip and tear. Until it is done. Experience the ultimate combination of speed and power as you battle your way across dimensions with the next leap in push-forward, first-person combat. Collector's Edition The ultimate bundle for any DOOM fan, the Collector’s Edition contains a Deluxe Edition copy of DOOM Eternal and an incredible assortment of goods highlighted by a wearable DOOM Slayer’s helmet – a sight that makes Hell itself shudder in fear!",DOOM Eternal: Collector's Edition includes,A Deluxe Edition copy of DOOM Eternal in an exclusive Steel book case custom designed by graphic designer and illustrator Gabz in collaboration with Mondo.,"A full-sized, wearable DOOM Slayer Helmet replica","A playable cassette tape, plus download codes for lossless digital copies of Mick Gordon’s DOOM (2016) and DOOM Eternal original soundtracks.",DOOM Lore Book with custom artwork by id Software.,“The Gift of Argent Power” 11” x 17” Lithograph.,,,,
11,God of War Ragnarök – Jötnar Edition,9999,"9,999",Box Set,Game,"The God of War Ragnarök Jötnar Edition is a premium selection of items designed with care by our team here at Santa Monica Studio to be a collector’s set worthy of our amazing fans. You’ve seen it unboxed in the video above, but we’ll also run you through its contents here.",God of War Ragnarök – Jötnar Edition includes,Printed voucher code for the full God of War Ragnarök game on PlayStation 4 and PlayStation 5 consoles.,7-Inch Vinyl Record with music by Bear McCreary – This includes two tracks from composer Bear McCreary.,"The Falcon, Bear, and Wolf Pin Set – Representing Faye, Kratos, and Atreus respectively, this pin set symbolizes our heroes’ family.","The Legendary Draupnir Ring – A ring from Norse Mythology, the Legendary Draupnir Ring comes in a red cloth bag.",Brok’s Dice Set – This dice set comes with a metallic silver finish with blue detailing. The dice bag features the Huldra Brothers’ brand.,Yggdrasil Cloth Map – This cloth map shows each of the Nine Realms within the branches and roots of Yggdrasil.,A Steelbook Display Case (no game disc included),2” Vanir Twins Carvings,16” Mjölnir Replica
12,ARKNIGHTS | FOOD-THEMED PLUSHIE SET | THANK-YOU CELEBRATION 2022,1719,"1,719",Merchandise,Doll,"This adorable food-themed plushie set features Ceobe with a muffin, her favorite food. Bring this adorable companion on trips or to show off to your friends.",Product Details:,Type: Ceobe,Size: 30x16x21cm / 11.8x6.3x8.3in,"Material: Polyester Fibers, Cotton Filling",,,,,,
13,ARKNIGHTS | PENGUIN LOGISTICS PLUSHIE,769,769,Merchandise,Doll,PENGUIN LOGISTICS Doll,Product Details:,Type: Exusiai,Size: Sitting Height 15 cm / 5.9 in,Material: Polyester,,,,,,
14,ARKNIGHTS | BITEY PLUSHIE | 1.5 ANNIV,1219,"1,219",Merchandise,Doll,"Bitey, the Ink Spirit named by the painter herself from the event - Who Is Real. Take it home with you now!",Product Details:,Type: Bitey,Size: 23.5x18x14.5 cm / 9.3x7.1x5.7 in,"Material: Polyester Fibers, Cotton Filling",,,,,,
15,ARKNIGHTS | DRESS-UP PLUSHIE | 2.5 ANNIV | Ling,1719,"1,719",Merchandise,Doll,"Ling come to life in adorable plush form. Now, you can decide how they dress up.",Product Details:,Type: Ling,Size: 16×32cm / 6.3×12.6in,"Material: Polyester Fibers, Cotton Filling",,,,,,
16,ARKNIGHTS | DRESS-UP PLUSHIE | 2.5 ANNIV | Nian,1719,"1,719",Merchandise,Doll,"Nian come to life in adorable plush form. Now, you can decide how they dress up.",Product Details:,Type: Nian,Size: 16×32cm / 6.3×12.6in,"Material: Polyester Fibers, Cotton Filling",,,,,,
17,ARKNIGHTS | DRESS-UP PLUSHIE | 2.5 ANNIV | Dusk,1719,"1,719",Merchandise,Doll,"Dusk come to life in adorable plush form. Now, you can decide how they dress up.",Product Details:,Type: Dusk,Size: 16×32cm / 6.3×12.6in,"Material: Polyester Fibers, Cotton Filling",,,,,,
18,ARKNIGHTS | CHIBI CHARACTERS CUP | 2.5 ANNIV,689,689,Merchandise,Glass,This cup features our 2.5 Anniversary characters. Take them along on your next adventure.,Product Details:,Type: Chibi Characters Mug,"Size: 9.8×8.8cm / 3.9×3.5in, 450ml / 15.2oz",Material: Glass,,,,,,
19,ARKNIGHTS | CHIBI CHARACTERS MUG AND COASTER | 1.5 ANNIV,1449,"1,449",Merchandise,Glass,"This product comes with two items, a chibi characters mug and a heat-sensitive coaster. From the event - Who Is Real, the color on the center section of the coaster can be turned from black to white with hot water poured on it. (check the GIF from the displayed pictures) The heat-sensitive coaster is HAND WASH ONLY and NOT microwave/dishwasher safe. The mug is microwave/dishwasher safe.",Product Details:,Type: Who Is Real,"Size: Mug: 8.5x9 cm / 3.3x3.5 in, Coaster: 10x10 cm / 3.9x3.9 in","Material: Porcelain, Acrylic",,,,,,
20,ARKNIGHTS | DIM MAK COLLECTION | BASEBALL HAT,1339,"1,339",Merchandise,Etc.,"The official Dim Mak x Arknights Collaboration. Dim Mak started off as a record label in very DIY fashion, by any means necessary. The Essential apparel, made by Dim Mak Collection, is an ode to the history of our movement since 1996. Always keep the Essentials with you. Now collaborating with Arknights, the Baseball Hat features: Traditional styled fit. ,",Product Details:,Fabric: 100% Cotton,,,,,,,,
21,ARKNIGHTS | 2ND ANNIVERSARY VACATION KIT,2779,"2,779",Merchandise,Etc.,"Arknights 2nd Anniversary Dossoles Holiday: Themed Commemoration Box, coming with unique anniversary items packed in an exquisite carrying case. Box Contents: Dossoles Holiday Laser Travel Vouchers, Dossoles Holiday Invitation Letter, Arknights 2nd Anniversary Artbook, Arknights Animation Artworks, Character Pin Set, Dossoles S.P.A. Boutique Stickers, Vacation Towel",Product Details:,Type: Arknights 2nd Anniversary Vacation Kit,Size: 33.5x26x6 cm / 13.2x10.2x2.4 in,,,,,,,
22,Arknights Ch'en (SuiHongXia Ver.) 1/7 Scale Figure,8369,"8,369",Merchandise,Figure,"From the very popular smartphone game ""Arknights"", Ch'en, the chief of the Special Inspection Unit, appears in a special outfit! Wearing a special cheongsam with her long hair tied and a dignified expression, Ch'en sits on a high stool. With a floral pattern on the translucent hem, the branch pattern at the waist shines gold against the brilliant and graceful crimson dress where not a single detail is omitted. The blue dragon flying in the background also displays immense detail, with a gradient color pattern and each scale meticulously painted. In addition, the combination of wax plum and stone pattern folding screens inserted into vases on the desk reproduces a unique atmosphere.",Product Details:,Approx. 8.26 inches tall (20.98cm),Figure 1/7 Scale,Made of plastic,,,,,,
23,Arknights Nendoroid No.1679 Thorns,2629,"2,629",Merchandise,Figure,"He comes with three face plates including a standard expression, a yawning expression, and a serious expression. Optional parts include a standard version of his weapon and a Destreza version of his weapon. He also comes with his bag and drugs as optional parts. Not only can Thorns' skills be recreated in Nendoroid form, but his Elite 2 appearance can be recreated as well!",Product Details:,3.94 inches (10cm),Nendoroid,Made of ABS and PVC,,,,,,
24,Arknights Skadi (Promotion Elite 2 Ver.) 1/7 Scale Figure,6469,"6,469",Merchandise,Figure,"From the Arknights video game comes a 1/7 scale figure of Operator Skadi. Skadi's red eyes shine while she holds a giant sword, able to churn the seas, with a spiral wave surrounding her.",Product Details:,9.05 inches (23cm),Figure 1/7 Scale,Made of plastic,,,,,,
25,Arknights Alloy Industry Series Castle-3 SUM019 Ver. Figure,4189,"4,189",Merchandise,Figure,From Planet Ring Industry comes an alloy figure of the Castle-3 from Arknights. The figure joins the Alloy Industry Series and measures over 3 inches tall.,Product Details:,3.7 inches (9.4cm),"Made of PVC, ABS, and alloy",,,,,,,
26,AZUR LANE | PLUSHIE | LAFFEY,1699,"1,699",Merchandise,Doll,LAFFEY Doll from AZUR LANE,Product Details:,Size：Sitting Height 27.5 cm (10.8 inches),"Material：Polyester Fibers, Cotton Filling",,,,,,,
27,AZUR LANE | PLUSHIE | AMAGI,1699,"1,699",Merchandise,Doll,AMAGI Doll from AZUR LANE,Product Details:,Size：Sitting Height 25 cm (9.8 inches),"Material：Polyester Fibers, Cotton Filling",,,,,,,
28,AZUR LANE | PLUSHIE | BISMARCK | 2ND ANNIV,1699,"1,699",Merchandise,Doll,BISMARCK Doll from AZUR LANE,Product Details:,Size：Sitting Height 25 cm (11 inches),"Material：Polyester Fibers, Cotton Filling",,,,,,,
29,AZUR LANE | 2ND ANNIVERSARY PIN | 2ND ANNIV,309,309,Merchandise,Etc.,2ND ANNIVERSARY PIN,Product Details:,Size: 5.2 x 3.1 cm (2 x 1.2 inches),Material: Zinc Alloy,,,,,,,
30,AZUR LANE | PLUSHIE | TOSA,1699,"1,699",Merchandise,Doll,TOSA Doll from AZUR LANE,Product Details:,Size：Sitting Height 25 cm (9.8 inches),"Material：Polyester Fibers, Cotton Filling",,,,,,,
31,AZUR LANE | MUG | OIL TANK | 2ND ANNIV,949,949,Merchandise,Glass,Glass OIL TANK,Product Details:,Size: 8.5 x 10 cm (3.3 x 3.9 inches),Material: Porcelain,,,,,,,
32,AZUR LANE | 3RD ANNIVERSARY ILLUSTRATION COLLECTION,1889,"1,889",Merchandise,Etc.,The exclusive collection includes: Special Illustrations and Celebration Artworks.,Product Details:,Size: 28.5x21 cm / 11.2x8.3 in,"Material: Paper, PVC",,,,,,,
33,AZUR LANE | PLUSHIE | SQUEAKY GRIMMY,1209,"1,209",Merchandise,Doll,SQUEAKY GRIMMY Doll from AZUR LANE,Product Details:,Size：Sitting Height 25 cm (9.8 inches),"Material：Polyester Fibers, Cotton Filling",,,,,,,
34,AZUR LANE | CHESHIRE MUG | 3RD ANNIV,1059,"1,059",Merchandise,Glass,This mug featuring our super popular neko maid - Cheshire cheers you up no matter what happens!,Product Details:,Size: 8.5x10 cm / 3.3x3.9 in,Material: Porcelain,,,,,,,
35,AZUR LANE | TABLE MAT | VALENTINE’S DAY 2022,949,949,Merchandise,Etc.,"This Table Mat features an exquisite New Jersey pattern, which was voted by Commanders as their favorite artwork in the 2021 Celebratory Artwork Showcase. Coming with an anti-slip rubber base and anti-fraying design, it is a great option for decorating and protecting your desk.",Product Details:,Size: 70×40cm / 27.6×15.7in,"Material: Polyester, Rubber",,,,,,,
36,AZUR LANE | SOFT BLANKET | 4TH ANNIV,1969,"1,969",Merchandise,Etc.,Let's celebrate this season and the 4th Anniversary. This new Azur Lane Soft Blanket features a design with the 4th Anniversary Key Visual and a bigger size than previous blankets.,Product Details:,Size: 150×75cm / 59.1×29.5in,"Material: 2-way Stretch Fabric, Flannel",,,,,,,
37,AZUR LANE | ETERNAL OATH COUPLES' RINGS | SUMMER SUPPLY 2022,1809,"1,809",Merchandise,Etc.,"As a true representation of its name, these captivating couples' rings feature scintillating blue gemstones, like the sea shimmering in the sunlight. The distinctive anchor motif, decorated with wavy wings, represents a vow of eternal love with an unwavering loyalty.",Product Details:,"Size: 21 (61mm/2.40in), 15 (55mm/2.16in)","Material: 925 silver, plated with 18k white gold + synthetic zircon","Contents: Le Terrible's Limited Skin Redemption Card, Men's Ring, Women's Ring, Exclusive Chain, Certificate of Appraisal",,,,,,
38,AZUR LANE | 4TH ANNIVERSARY LIMITED COMMEMORATION CASE,3399,"3,399",Merchandise,Etc.,The Azur Lane 4th Anniversary Limited Commemoration Case is special carrying case repleted with 4th Anniversary necessities.,Product Details:,Size: 33×29×16cm / 13×11.4×6.3in,"Material: PP, Polyester","Case Contents: 4th Anniversary Illustration Collection, 4th Anniversary Pop-Up Art Collection, 4th Anniversary Pin, New Jersey's Journal, DIY Drift Bottle Kit, 2× Acrylic Coasters (New Jersey & Tashkent), Sticker Set",,,,,,
39,AZUR LANE | NEW JERSEY MUG | 4TH ANNIV,1059,"1,059",Merchandise,Glass,"Always taking center stage, this mug features our super popular character - New Jersey, who is ready to be by your side.",Product Details:,"Size: 8.5×11.7cm / 3.3×4.6in, 450 ml / 15.2oz",Material: Porcelain,,,,,,,
40,Azur Lane Honolulu (Light Equipped) 1/7 Scale Figure,9619,"9,619",Merchandise,Figure,From the Azur Lane video game comes a new figure of Honolulu! She has been sculpted with great detail and stands over 10 inches tall.,Product Details:,Size: 10.24 inches (26cm),Material: ABS and PVC,,,,,,,
41,Azur Lane Honolulu 1/7 Scale Figure,16029,"16,029",Merchandise,Figure,From the Azur Lane video game comes a new figure of Honolulu! She has been sculpted with great detail and stands over 10 inches tall. This 1/7 Scale figure is ready for battle with her weapons on full display.,Product Details:,Size: 10.24 inches (26cm),Material: ABS and PVC,,,,,,,
42,Azur Lane Baltimore (Light Equipped) 1/7 Scale Figure,9059,"9,059",Merchandise,Figure,From the Azur Lane video game come a new figure of Baltimore! She has been sulpted with great detail and stands over 10 inches tall.,Product Details:,Size: 10.24 inches (26cm),Material: ABS and PVC,,,,,,,
43,Azur Lane Le Malin (The Blade That Protects Vichya Dominion) 1/7 Scale Figure,11519,"11,519",Merchandise,Figure,"Le Malin, from the Azur Lane video game, is ready to fight with The Blade That Protect Vichya Dominion figure by Mimeyoi. Standing over 9 inches tall, Le Malin features a highly detailed sculpt and includes several beach accessories.",Product Details:,Size: 9.45 inches (24cm),Material: ABS and PVC,,,,,,,
44,Azur Lane Baltimore 1/7 Scale Figure,15469,"15,469",Merchandise,Figure,From the Azur Lane video game come a new figure of Baltimore! She has been sulpted with great detail and stands over 10 inches tall. This 1/7 Scale figure is ready for battle with her weapons on full display.,Product Details:,Size: 10.24 inches (26cm),Material: ABS and PVC,,,,,,,
45,Azur Lane Dido (Light Edition Ver.) 1/7 Scale Figure,9059,"9,059",Merchandise,Figure,Light cruiser Dido has been recreated based on the video game Azur Lane! Dido is depicted wearing her maid outfit with a cute and dignified expression while holding the cursed big sword and the cursed doll.,Product Details:,Size: 9.84 inches (25cm),Material: ABS and PVC,,,,,,,
46,Azur Lane Dido (Heavy Edition Ver.) 1/7 Scale Figure,14909,"14,909",Merchandise,Figure,From the popular video game Azur Lane comes a detailed figure of the light cruiser Dido. With careful attention her she was faithfully recreated from her expression and royal maid clothes to the cursed sword and doll.,Product Details:,Size: 9.84 inches (25cm),Material: ABS and PVC,,,,,,,
47,Azur Lane Le Malin (The Blade That Protects Vichya Dominion) TF Edition 1/7 Scale Figure,10000,"10,000",Merchandise,Figure,"Le Malin, from the Azur Lane video game, is ready to fight with The Blade That Protect Vichya Dominion figure by Mimeyoi. Standing over 9 inches tall, Le Malin features a highly detailed sculpt that looks great from any angle.",Product Details:,Size: 9.45 inches (24cm),Material: ABS and PVC,,,,,,,
48,Princess Connect! Re:Dive – Eriko 1/7 Scale Figure,7559,"7,559",Merchandise,Figure,"From the popular smartphone game ""Princess Connect! Re: Dive"" comes a scale figure of Twilight Caravan member Eriko! Based on her 3★ illustration from the game, Eriko's charming cuteness and dubious expression have been faithfully captured in figure form.",Product Details:,Size: 9.45 inches (24cm),Material: ABS and PVC,,,,,,,
49,Princess Connect! Re:Dive – Nendoroid Kyoka,2069,"2,069",Merchandise,Figure,"From the popular smartphone game ""Princess Connect! Re: Dive"" comes a Nendoroid of Kyoka, member of the Little Lyrical guild! She comes with three face plates including a cute smiling expression, a determined expression for combat scenes and a flustered expression.",Product Details:,Size: 3.93 inches (10cm),Material: ABS and PVC,,,,,,,
50,Princess Connect! Re:Dive Miyako Izumo (It's Snack Time Ver.) 1/7 Scale Figure,9459,"9,459",Merchandise,Figure,"From the hit mobile game Princess Connect! Re:Dive comes a new figure of Miyako Izumo! Standing on top of a pile of sweets, it's time to dig in! Add this figure to your collection today!",Product Details:,Size: 11.81 inches (30cm),Material: ABS and PVC,,,,,,,
51,Princess Connect! Re: Dive F:Nex Karyl (Ver.2) 1/7 Scale Figure,11349,"11,349",Merchandise,Figure,"From the popular Princess Connect! Re:Dive video game comes this new 1/7 scale figure of Karyl! Featured in her iconic outfit, she is equipped with her staff and spellbook and has translucent effects surrounding her.",Product Details:,Size: 8.86 inches (22.50cm),Material: plastic,,,,,,,
52,Princess Connect! Re: Dive F:Nex Karyl (New Year) 1/7 Scale Figure,7569,"7,569",Merchandise,Figure,"From the popular Princess Connect! Re:Dive video game comes this 1/7 scale figure of Karyl in a beautiful New Year kimono! Measuring around 9 inches tall on her base, she wears a lovely flowing kimono with her hand held out, wearing some adorable cat ears as an accessory.",Product Details:,Size: 9.06 inches (23cm),Material: ABS and PVC,,,,,,,
53,Princess Connect! Re:Dive Lucrea Karyl (Summer Ver.) 1/7 Scale Figure,8123,"8,123",Merchandise,Figure,"From the Princess Connect! Re:Dive video game comes a 1/7 scale figure of Karyl! She is depicted sitting in an inner tube causing a big splash. Use the interchangeable parts to show her enjoying a summer cocktail, or about to take an unexpected dip in the water!",Product Details:,Size: 5.11 inches (13cm),Material: PVC,,,,,,,
54,Princess Connect! Re: Dive figma No.558 Karyl,4349,"4,349",Merchandise,Figure,"From the popular smartphone game ""Princess Connect! Re: Dive"" comes a figma of the sharp-tongued Gourmet Guild member, Karyl! Using the smooth yet poseable joints of figma, you can create a variety of poses and scenes.",Product Details:,Size: 5.51 inches (14cm),Material: plastic,,,,,,,
55,Princess Connect! Re: Dive F:Nex Karyl 1/7 Scale Figure,10439,"10,439",Merchandise,Figure,"From the popular Princess Connect! Re:Dive video game comes this new 1/7 scale figure of Karyl! Featured in her iconic outfit, she is equipped with her staff and spellbook and has translucent effects surrounding her.

",Product Details:,Size: 9.45 inches (24cm),Material: plastic,,,,,,,
56,Princess Connect! Re:Dive Shizuru Hoshino 1/7 Scale Figure,6819,"6,819",Merchandise,Figure,From the video game Princess Connect! Re:Dive comes this 1/7 Scale figure of Shizuru Hoshino with a sword in hand. Measuring about 9 inches tall she is sculpted in great detail with a smiling face!,Product Details:,Size: 8.54 inches (21.9cm),Material: PVC,,,,,,,
57,Princess Connect! Re:Dive Rino 1/7 Scale Figure,6059,"6,059",Merchandise,Figure,From the video game Princess Connect! Re:Dive comes this 1/7 Scale figure of Rino with bow and arrow in hand. Measuring about 9 inches tall she is sculpted in great detail with a winking face!,Product Details:,Size: 9.33 inches (23.7cm),Material: PVC,,,,,,,
58,Princess Connect! Re: Dive Nendoroid No.1644 Kokkoro,2459,"2,459",Merchandise,Figure,"From the popular smartphone game Princess Connect! Re: Dive comes a Nendoroid of the guide who helps the main character throughout his adventures, Kokkoro.",Product Details:,Size: 3.94 inches (10cm),Material: ABS and PVC,,,,,,,
59,Princess Connect! Re: Dive Nendoroid No.1678 Pecorine,2459,"2,459",Merchandise,Figure,"From the popular mobile game ""Princess Connect! Re: Dive"" comes a Nendoroid of Pecorine, the guildmaster of the Gourmet Guild! She comes with three face plates including an energetic smiling expression, a winking expression and an expression with puffed-out cheeks for when she's chowing down on a rice ball.",Product Details:,Size: 3.94 inches (10cm),Material: ABS and PVC,,,,,,,
60,Princess Connect! Re:Dive figma No.532 Pecorine,4539,"4,539",Merchandise,Figure,"From the popular smartphone game Princess Connect! Re:Dive comes a figma of the guildmaster of the Gourmet Guild, Pecorine!",Product Details:,Size: 5.7 inches (14.5cm),Material: ABS and PVC,,,,,,,
61,Princess Connect! Re:Dive F:Nex Pecorine ★6 1/7 Scale Figure,11539,"11,539",Merchandise,Figure,"Eustiana von Astraea, also known as Pecorine, joins the F:Nex figure line in 1/7 scale! Based on her appearances in Princess Connect: Re:Dive, this ★6 version measures around 8 inches tall and features the princess holding her sword and a delicious onigiri, living up to her nickname the Perpetually Peckish Princess!",Product Details:,Size: 8.86 inches (22.5cm),Material: ABS and PVC,,,,,,,
62,Princess Connect! Re:Dive Pecorine 1/7 Scale Shibuya Scramble Figure,12669,"12,669",Merchandise,Figure,"Based on her appearance in Princess Connect! Re:Dive, the beautiful Pecorine joins the Shibuya Scramble Figure line! Measuring over 11 inches tall on her beautiful base, Pecorine has been sculpted in her traditional outfit with her sword at the ready.",Product Details:,Size: 11.57 x 12.17 x 12.28 inches (29.4cm x 30.9cm x 31.2cm),Material: PVC,,,,,,,
63,Princess Connect! Re:Dive F:Nex Kokkoro ★6 1/7 Scale Figure,10979,"10,979",Merchandise,Figure,"Kokkoro, joins the F:Nex figure line in 1/7 scale! Based on her appearances in Princess Connect: Re:Dive, this ★6 version measures around 7 inches tall and features the princess floating above a beautiful swirl of green and flowers.",Product Details:,Size: 7.1 inches (18cm),Material: ABS and PVC,,,,,,,
64,Princess Connect! Re:Dive Kyoka 1/7 Scale Figure,6809,"6,809",Merchandise,Figure,"From the popular smartphone game ""Princess Connect! Re: Dive"" comes a 1/7 scale figure of Kyoka, member of the Little Lyrical guild! Kyoka has been captured in figure form based on her 3★ illustration from the game. Her gorgeous outfit reminiscent of traditional Japanese fashion is made with translucent parts and pearl paintwork. The outfit coupled with the detailed sculpting of her delicate physique work to bring Kyoka's lovely appearance to life. Be sure to add her to your collection!",Product Details:,Size: 5.31 inches (13.5cm),Material: ABS and PVC,,,,,,,
65,Princess Connect! Re: Dive Nendoroid No.1480 Karyl,2459,"2,459",Merchandise,Figure,"From the popular smartphone game ""Princess Connect! Re: Dive"" comes a Nendoroid of Karyl, a catty girl who travels with her friends in the Gourmet Guild! She comes with three face plates including a standard expression, a pale-faced expression and a confident expression. Optional parts include her staff Chaos Grimoire, magic circle effect parts and a phrase plate. Be sure to add her to your collection!",Product Details:,Size: 3.94 inches (10cm),Material: ABS and PVC,,,,,,,
